52,李俊俋,109年立法委員選舉,首次申報,1080425,雜支支出,台灣銀行,03557311,0.00,30.00,手續費支出,金錢,中山路****,0522*****,
53,李俊俋,109年立法委員選舉,首次申報,1080425,雜支支出,台灣銀行,03557311,0.00,30.00,手續費支出,金錢,嘉義市中山路****,0522*****,
54,李俊俋,109年立法委員選舉,首次申報,1080425,雜支支出,台灣銀行,03557311,0.00,30.00,手續費支出,金錢,嘉義市中山路****,0522*****,
2,蔡沐霖,109年立法委員選舉,首次申報,1081014,雜支支出,台灣銀行,03557311,0.00,10.00,跨行提款手續費,金錢,臺北市中正區****,,
3,蔡沐霖,109年立法委員選舉,首次申報,1081014,雜支支出,台灣銀行,03557311,0.00,10.00,跨行提款手續費,金錢,臺北市中正區****,,
5,蔡沐霖,109年立法委員選舉,首次申報,1081017,雜支支出,台灣銀行,03557311,0.00,10.00,匯款手續費,金錢,臺北市中正區****,,
8,蔡沐霖,109年立法委員選舉,首次申報,1081025,雜支支出,台灣銀行,03557311,0.00,10.00,匯款手續費,金錢,臺北市中正區****,,
17,蔡沐霖,109年立法委員選舉,首次申報,1081104,雜支支出,台灣銀行,03557311,0.00,20.00,雜項購置或修繕費用,金錢,臺北市中正區****,,
18,蔡沐霖,109年立法委員選舉,首次申報,1081104,雜支支出,台灣銀行,03557311,0.00,10.00,雜項購置或修繕費用,金錢,臺北市中正區****,,
19,蔡沐霖,109年立法委員選舉,首次申報,1081104,雜支支出,台灣銀行,03557311,0.00,10.00,雜項購置或修繕費用,金錢,臺北市中正區****,,
20,蔡沐霖,109年立法委員選舉,首次申報,1081104,雜支支出,台灣銀行,03557311,0.00,10.00,雜項購置或修繕費用,金錢,臺北市中正區****,,
21,蔡沐霖,109年立法委員選舉,首次申報,1081104,雜支支出,台灣銀行,03557311,0.00,10.00,雜項購置或修繕費用,金錢,臺北市中正區****,,
22,蔡沐霖,109年立法委員選舉,首次申報,1081104,雜支支出,台灣銀行,03557311,0.00,10.00,匯款手續費,金錢,臺北市中正區****,,
33,蔡沐霖,109年立法委員選舉,首次申報,1081105,雜支支出,台灣銀行,03557311,0.00,10.00,匯款手續費,金錢,臺北市中正區****,,
34,蔡沐霖,109年立法委員選舉,首次申報,1081105,雜支支出,台灣銀行,03557311,0.00,10.00,匯款手續費,金錢,臺北市中正區****,,
35,蔡沐霖,109年立法委員選舉,首次申報,1081105,雜支支出,台灣銀行,03557311,0.00,10.00,匯款手續費,金錢,臺北市中正區****,,
40,蔡沐霖,109年立法委員選舉,首次申報,1081118,雜支支出,台灣銀行,03557311,0.00,10.00,匯款手續費,金錢,臺北市中正區****,,
48,蔡沐霖,109年立法委員選舉,首次申報,1081130,雜支支出,台灣銀行,03557311,0.00,10.00,匯款手續費,金錢,臺北市中正區****,,
54,蔡沐霖,109年立法委員選舉,首次申報,1081203,雜支支出,台灣銀行,03557311,0.00,10.00,匯款手續費,金錢,臺北市中正區****,,
55,蔡沐霖,109年立法委員選舉,首次申報,1081203,雜支支出,台灣銀行,03557311,0.00,10.00,匯款手續費,金錢,臺北市中正區****,,
56,蔡沐霖,109年立法委員選舉,首次申報,1081203,雜支支出,台灣銀行,03557311,0.00,10.00,匯款手續費,金錢,臺北市中正區****,,
57,蔡沐霖,109年立法委員選舉,首次申報,1081203,雜支支出,台灣銀行,03557311,0.00,10.00,匯款手續費,金錢,臺北市中正區****,,
58,蔡沐霖,109年立法委員選舉,首次申報,1081203,雜支支出,台灣銀行,03557311,0.00,10.00,匯款手續費,金錢,臺北市中正區****,,
59,蔡沐霖,109年立法委員選舉,首次申報,1081203,雜支支出,台灣銀行,03557311,0.00,10.00,匯款手續費,金錢,臺北市中正區****,,
60,蔡沐霖,109年立法委員選舉,首次申報,1081203,雜支支出,台灣銀行,03557311,0.00,10.00,匯款手續費,金錢,臺北市中正區****,,
61,蔡沐霖,109年立法委員選舉,首次申報,1081203,雜支支出,台灣銀行,03557311,0.00,10.00,匯款手續費,金錢,臺北市中正區****,,
71,蔡沐霖,109年立法委員選舉,首次申報,1081204,雜支支出,台灣銀行,03557311,0.00,10.00,匯款手續費,金錢,臺北市中正區****,,
72,蔡沐霖,109年立法委員選舉,首次申報,1081204,雜支支出,台灣銀行,03557311,0.00,10.00,匯款手續費,金錢,臺北市中正區****,,
73,蔡沐霖,109年立法委員選舉,首次申報,1081204,雜支支出,台灣銀行,03557311,0.00,10.00,匯款手續費,金錢,臺北市中正區****,,
74,蔡沐霖,109年立法委員選舉,首次申報,1081204,雜支支出,台灣銀行,03557311,0.00,10.00,匯款手續費,金錢,臺北市中正區****,,
75,蔡沐霖,109年立法委員選舉,首次申報,1081204,雜支支出,台灣銀行,03557311,0.00,10.00,匯款手續費,金錢,臺北市中正區****,,
76,蔡沐霖,109年立法委員選舉,首次申報,1081204,雜支支出,台灣銀行,03557311,0.00,10.00,匯款手續費,金錢,臺北市中正區****,,
77,蔡沐霖,109年立法委員選舉,首次申報,1081204,雜支支出,台灣銀行,03557311,0.00,10.00,匯款手續費,金錢,臺北市中正區****,,
78,蔡沐霖,109年立法委員選舉,首次申報,1081204,雜支支出,台灣銀行,03557311,0.00,10.00,匯款手續費,金錢,臺北市中正區****,,
79,蔡沐霖,109年立法委員選舉,首次申報,1081204,雜支支出,台灣銀行,03557311,0.00,10.00,匯款手續費,金錢,臺北市中正區****,,
80,蔡沐霖,109年立法委員選舉,首次申報,1081204,雜支支出,台灣銀行,03557311,0.00,10.00,匯款手續費,金錢,臺北市中正區****,,
81,蔡沐霖,109年立法委員選舉,首次申報,1081204,雜支支出,台灣銀行,03557311,0.00,10.00,匯款手續費,金錢,臺北市中正區****,,
82,蔡沐霖,109年立法委員選舉,首次申報,1081204,雜支支出,台灣銀行,03557311,0.00,10.00,匯款手續費,金錢,臺北市中正區****,,
83,蔡沐霖,109年立法委員選舉,首次申報,1081204,雜支支出,台灣銀行,03557311,0.00,10.00,匯款手續費,金錢,臺北市中正區****,,
84,蔡沐霖,109年立法委員選舉,首次申報,1081204,雜支支出,台灣銀行,03557311,0.00,10.00,匯款手續費,金錢,臺北市中正區****,,
85,蔡沐霖,109年立法委員選舉,首次申報,1081204,雜支支出,台灣銀行,03557311,0.00,10.00,匯款手續費,金錢,臺北市中正區****,,
86,蔡沐霖,109年立法委員選舉,首次申報,1081204,雜支支出,台灣銀行,03557311,0.00,10.00,匯款手續費,金錢,臺北市中正區****,,
87,蔡沐霖,109年立法委員選舉,首次申報,1081204,雜支支出,台灣銀行,03557311,0.00,10.00,匯款手續費,金錢,臺北市中正區****,,
106,蔡沐霖,109年立法委員選舉,首次申報,1081210,雜支支出,台灣銀行,03557311,0.00,10.00,匯款手續費,金錢,臺北市中正區****,,
108,蔡沐霖,109年立法委員選舉,首次申報,1081215,雜支支出,台灣銀行,03557311,0.00,10.00,匯款手續費,金錢,臺北市中正區****,,
109,蔡沐霖,109年立法委員選舉,首次申報,1081215,雜支支出,台灣銀行,03557311,0.00,10.00,匯款手續費,金錢,臺北市中正區****,,
110,蔡沐霖,109年立法委員選舉,首次申報,1081215,雜支支出,台灣銀行,03557311,0.00,10.00,匯款手續費,金錢,臺北市中正區****,,
111,蔡沐霖,109年立法委員選舉,首次申報,1081215,雜支支出,台灣銀行,03557311,0.00,10.00,匯款手續費,金錢,臺北市中正區****,,
116,蔡沐霖,109年立法委員選舉,首次申報,1081218,雜支支出,台灣銀行,03557311,0.00,10.00,匯款手續費,金錢,臺北市中正區****,,
118,蔡沐霖,109年立法委員選舉,首次申報,1081220,雜支支出,台灣銀行,03557311,0.00,10.00,匯款手續費,金錢,臺北市中正區****,,
127,蔡沐霖,109年立法委員選舉,首次申報,1081225,雜支支出,台灣銀行,03557311,0.00,10.00,匯款手續費,金錢,臺北市中正區****,,
128,蔡沐霖,109年立法委員選舉,首次申報,1081225,雜支支出,台灣銀行,03557311,0.00,60.00,轉帳手續費,金錢,臺北市中正區****,,
137,蔡沐霖,109年立法委員選舉,首次申報,1081227,雜支支出,台灣銀行,03557311,0.00,30.00,轉帳手續費,金錢,臺北市中正區****,,
138,蔡沐霖,109年立法委員選舉,首次申報,1081227,雜支支出,台灣銀行,03557311,0.00,30.00,轉帳手續費,金錢,臺北市中正區****,,
139,蔡沐霖,109年立法委員選舉,首次申報,1081227,雜支支出,台灣銀行,03557311,0.00,30.00,轉帳手續費,金錢,臺北市中正區****,,
140,蔡沐霖,109年立法委員選舉,首次申報,1081227,雜支支出,台灣銀行,03557311,0.00,30.00,轉帳手續費,金錢,臺北市中正區****,,
146,蔡沐霖,109年立法委員選舉,首次申報,1081230,雜支支出,台灣銀行,03557311,0.00,30.00,轉帳手續費,金錢,臺北市中正區****,,
147,蔡沐霖,109年立法委員選舉,首次申報,1081230,雜支支出,台灣銀行,03557311,0.00,30.00,轉帳手續費,金錢,臺北市中正區****,,
148,蔡沐霖,109年立法委員選舉,首次申報,1081230,雜支支出,台灣銀行,03557311,0.00,30.00,轉帳手續費,金錢,臺北市中正區****,,
151,蔡沐霖,109年立法委員選舉,首次申報,1090101,雜支支出,台灣銀行,03557311,0.00,30.00,轉帳手續費,金錢,臺北市中正區****,,
153,蔡沐霖,109年立法委員選舉,首次申報,1090102,雜支支出,台灣銀行,03557311,0.00,10.00,匯款手續費,金錢,臺北市中正區****,,
155,蔡沐霖,109年立法委員選舉,首次申報,1090103,雜支支出,台灣銀行,03557311,0.00,10.00,匯款手續費,金錢,臺北市中正區****,,
156,蔡沐霖,109年立法委員選舉,首次申報,1090103,雜支支出,台灣銀行,03557311,0.00,10.00,匯款手續費,金錢,臺北市中正區****,,
157,蔡沐霖,109年立法委員選舉,首次申報,1090103,雜支支出,台灣銀行,03557311,0.00,10.00,匯款手續費,金錢,臺北市中正區****,,
158,蔡沐霖,109年立法委員選舉,首次申報,1090103,雜支支出,台灣銀行,03557311,0.00,10.00,匯款手續費,金錢,臺北市中正區****,,
164,蔡沐霖,109年立法委員選舉,首次申報,1090105,雜支支出,台灣銀行,03557311,0.00,10.00,匯款手續費,金錢,臺北市中正區****,,
165,蔡沐霖,109年立法委員選舉,首次申報,1090105,雜支支出,台灣銀行,03557311,0.00,10.00,匯款手續費,金錢,臺北市中正區****,,
166,蔡沐霖,109年立法委員選舉,首次申報,1090105,雜支支出,台灣銀行,03557311,0.00,10.00,匯款手續費,金錢,臺北市中正區****,,
167,蔡沐霖,109年立法委員選舉,首次申報,1090105,雜支支出,台灣銀行,03557311,0.00,10.00,匯款手續費,金錢,臺北市中正區****,,
168,蔡沐霖,109年立法委員選舉,首次申報,1090105,雜支支出,邱玟亭,03557311,0.00,10.00,匯款手續費,金錢,臺北市中正區****,,
169,蔡沐霖,109年立法委員選舉,首次申報,1090105,雜支支出,台灣銀行,03557311,0.00,10.00,匯款手續費,金錢,臺北市中正區****,,
170,蔡沐霖,109年立法委員選舉,首次申報,1090105,雜支支出,台灣銀行,03557311,0.00,10.00,匯款手續費,金錢,臺北市中正區****,,
171,蔡沐霖,109年立法委員選舉,首次申報,1090105,雜支支出,台灣銀行,03557311,0.00,10.00,匯款手續費,金錢,臺北市中正區****,,
172,蔡沐霖,109年立法委員選舉,首次申報,1090105,雜支支出,台灣銀行,03557311,0.00,10.00,匯款手續費,金錢,臺北市中正區****,,
173,蔡沐霖,109年立法委員選舉,首次申報,1090105,雜支支出,台灣銀行,03557311,0.00,10.00,匯款手續費,金錢,臺北市中正區****,,
174,蔡沐霖,109年立法委員選舉,首次申報,1090105,雜支支出,台灣銀行,03557311,0.00,10.00,匯款手續費,金錢,臺北市中正區****,,
175,蔡沐霖,109年立法委員選舉,首次申報,1090105,雜支支出,台灣銀行,03557311,0.00,10.00,匯款手續費,金錢,臺北市中正區****,,
176,蔡沐霖,109年立法委員選舉,首次申報,1090105,雜支支出,台灣銀行,03557311,0.00,10.00,匯款手續費,金錢,臺北市中正區****,,
177,蔡沐霖,109年立法委員選舉,首次申報,1090105,雜支支出,台灣銀行,03557311,0.00,10.00,匯款手續費,金錢,臺北市中正區****,,
178,蔡沐霖,109年立法委員選舉,首次申報,1090105,雜支支出,台灣銀行,03557311,0.00,10.00,雜項購置或修繕費用,金錢,臺北市中正區****,,
195,蔡沐霖,109年立法委員選舉,首次申報,1090106,雜支支出,台灣銀行,03557311,0.00,10.00,匯款手續費,金錢,臺北市中正區****,,
196,蔡沐霖,109年立法委員選舉,首次申報,1090106,雜支支出,台灣銀行,03557311,0.00,10.00,匯款手續費,金錢,臺北市中正區****,,
197,蔡沐霖,109年立法委員選舉,首次申報,1090106,雜支支出,台灣銀行,03557311,0.00,10.00,匯款手續費,金錢,臺北市中正區****,,
198,蔡沐霖,109年立法委員選舉,首次申報,1090106,雜支支出,台灣銀行,03557311,0.00,10.00,匯款手續費,金錢,臺北市中正區****,,
199,蔡沐霖,109年立法委員選舉,首次申報,1090106,雜支支出,台灣銀行,03557311,0.00,10.00,匯款手續費,金錢,臺北市中正區****,,
200,蔡沐霖,109年立法委員選舉,首次申報,1090106,雜支支出,台灣銀行,03557311,0.00,10.00,匯款手續費,金錢,臺北市中正區****,,
201,蔡沐霖,109年立法委員選舉,首次申報,1090106,雜支支出,台灣銀行,03557311,0.00,10.00,匯款手續費,金錢,臺北市中正區****,,
202,蔡沐霖,109年立法委員選舉,首次申報,1090106,雜支支出,台灣銀行,03557311,0.00,10.00,雜項購置或修繕費用,金錢,臺北市中正區****,,
203,蔡沐霖,109年立法委員選舉,首次申報,1090106,雜支支出,台灣銀行,03557311,0.00,10.00,雜項購置或修繕費用,金錢,臺北市中正區****,,
204,蔡沐霖,109年立法委員選舉,首次申報,1090106,雜支支出,台灣銀行,03557311,0.00,10.00,雜項購置或修繕費用,金錢,臺北市中正區****,,
205,蔡沐霖,109年立法委員選舉,首次申報,1090106,雜支支出,台灣銀行,03557311,0.00,10.00,匯款手續費,金錢,臺北市中正區****,,
206,蔡沐霖,109年立法委員選舉,首次申報,1090106,雜支支出,台灣銀行,03557311,0.00,10.00,匯款手續費,金錢,臺北市中正區****,,
207,蔡沐霖,109年立法委員選舉,首次申報,1090106,雜支支出,台灣銀行,03557311,0.00,10.00,匯款手續費,金錢,臺北市中正區****,,
208,蔡沐霖,109年立法委員選舉,首次申報,1090106,雜支支出,台灣銀行,03557311,0.00,10.00,匯款手續費,金錢,臺北市中正區****,,
209,蔡沐霖,109年立法委員選舉,首次申報,1090106,雜支支出,台灣銀行,03557311,0.00,10.00,雜項購置或修繕費用,金錢,臺北市中正區****,,
210,蔡沐霖,109年立法委員選舉,首次申報,1090106,雜支支出,台灣銀行,03557311,0.00,10.00,雜項購置或修繕費用,金錢,臺北市中正區****,,
211,蔡沐霖,109年立法委員選舉,首次申報,1090106,雜支支出,台灣銀行,03557311,0.00,10.00,雜項購置或修繕費用,金錢,臺北市中正區****,,
212,蔡沐霖,109年立法委員選舉,首次申報,1090106,雜支支出,台灣銀行,03557311,0.00,10.00,雜項購置或修繕費用,金錢,臺北市中正區****,,
213,蔡沐霖,109年立法委員選舉,首次申報,1090106,雜支支出,台灣銀行,03557311,0.00,10.00,雜項購置或修繕費用,金錢,臺北市中正區****,,
237,蔡沐霖,109年立法委員選舉,首次申報,1090110,雜支支出,台灣銀行,03557311,0.00,10.00,雜項購置或修繕費用,金錢,臺北市中正區****,,
238,蔡沐霖,109年立法委員選舉,首次申報,1090110,雜支支出,台灣銀行,03557311,0.00,10.00,雜項購置或修繕費用,金錢,臺北市中正區****,,
239,蔡沐霖,109年立法委員選舉,首次申報,1090110,雜支支出,台灣銀行,03557311,0.00,10.00,雜項購置或修繕費用,金錢,臺北市中正區****,,
240,蔡沐霖,109年立法委員選舉,首次申報,1090110,雜支支出,台灣銀行,03557311,0.00,10.00,雜項購置或修繕費用,金錢,臺北市中正區****,,
241,蔡沐霖,109年立法委員選舉,首次申報,1090110,雜支支出,台灣銀行,03557311,0.00,10.00,雜項購置或修繕費用,金錢,臺北市中正區****,,
257,蔡沐霖,109年立法委員選舉,首次申報,1090111,雜支支出,台灣銀行,03557311,0.00,10.00,雜項購置或修繕費用,金錢,臺北市中正區****,,
263,蔡沐霖,109年立法委員選舉,首次申報,1090118,雜支支出,台灣銀行,03557311,0.00,10.00,雜項購置或修繕費用,金錢,臺北市中正區****,,
264,蔡沐霖,109年立法委員選舉,首次申報,1090118,雜支支出,台灣銀行,03557311,0.00,10.00,雜項購置或修繕費用,金錢,臺北市中正區****,,
265,蔡沐霖,109年立法委員選舉,首次申報,1090118,雜支支出,台灣銀行,03557311,0.00,10.00,雜項購置或修繕費用,金錢,臺北市中正區****,,
266,蔡沐霖,109年立法委員選舉,首次申報,1090118,雜支支出,台灣銀行,03557311,0.00,10.00,雜項購置或修繕費用,金錢,臺北市中正區****,,
267,蔡沐霖,109年立法委員選舉,首次申報,1090118,雜支支出,台灣銀行,03557311,0.00,10.00,雜項購置或修繕費用,金錢,臺北市中正區****,,
268,蔡沐霖,109年立法委員選舉,首次申報,1090118,雜支支出,台灣銀行,03557311,0.00,10.00,雜項購置或修繕費用,金錢,臺北市中正區****,,
269,蔡沐霖,109年立法委員選舉,首次申報,1090118,雜支支出,台灣銀行,03557311,0.00,10.00,雜項購置或修繕費用,金錢,臺北市中正區****,,
270,蔡沐霖,109年立法委員選舉,首次申報,1090118,雜支支出,台灣銀行,03557311,0.00,10.00,匯款手續費,金錢,臺北市中正區****,,
271,蔡沐霖,109年立法委員選舉,首次申報,1090118,雜支支出,台灣銀行,03557311,0.00,10.00,匯款手續費,金錢,臺北市中正區****,,
272,蔡沐霖,109年立法委員選舉,首次申報,1090118,雜支支出,台灣銀行,03557311,0.00,10.00,匯款手續費,金錢,臺北市中正區****,,
273,蔡沐霖,109年立法委員選舉,首次申報,1090118,雜支支出,台灣銀行,03557311,0.00,10.00,匯款手續費,金錢,臺北市中正區****,,
274,蔡沐霖,109年立法委員選舉,首次申報,1090118,雜支支出,台灣銀行,03557311,0.00,10.00,匯款手續費,金錢,臺北市中正區****,,
275,蔡沐霖,109年立法委員選舉,首次申報,1090118,雜支支出,台灣銀行,03557311,0.00,10.00,匯款手續費,金錢,臺北市中正區****,,
276,蔡沐霖,109年立法委員選舉,首次申報,1090118,雜支支出,台灣銀行,03557311,0.00,10.00,匯款手續費,金錢,臺北市中正區****,,
277,蔡沐霖,109年立法委員選舉,首次申報,1090118,雜支支出,台灣銀行,03557311,0.00,10.00,匯款手續費,金錢,臺北市中正區****,,
278,蔡沐霖,109年立法委員選舉,首次申報,1090118,雜支支出,台灣銀行,03557311,0.00,10.00,匯款手續費,金錢,臺北市中正區****,,
279,蔡沐霖,109年立法委員選舉,首次申報,1090118,雜支支出,台灣銀行,03557311,0.00,10.00,匯款手續費,金錢,臺北市中正區****,,
280,蔡沐霖,109年立法委員選舉,首次申報,1090118,雜支支出,台灣銀行,03557311,0.00,10.00,匯款手續費,金錢,臺北市中正區****,,
281,蔡沐霖,109年立法委員選舉,首次申報,1090118,雜支支出,台灣銀行,03557311,0.00,10.00,匯款手續費,金錢,臺北市中正區****,,
282,蔡沐霖,109年立法委員選舉,首次申報,1090118,雜支支出,台灣銀行,03557311,0.00,10.00,匯款手續費,金錢,臺北市中正區****,,
283,蔡沐霖,109年立法委員選舉,首次申報,1090118,雜支支出,台灣銀行,03557311,0.00,10.00,匯款手續費,金錢,臺北市中正區****,,
284,蔡沐霖,109年立法委員選舉,首次申報,1090118,雜支支出,台灣銀行,03557311,0.00,10.00,匯款手續費,金錢,臺北市中正區****,,
285,蔡沐霖,109年立法委員選舉,首次申報,1090118,雜支支出,台灣銀行,03557311,0.00,10.00,匯款手續費,金錢,臺北市中正區****,,
286,蔡沐霖,109年立法委員選舉,首次申報,1090118,雜支支出,台灣銀行,03557311,0.00,10.00,匯款手續費,金錢,臺北市中正區****,,
287,蔡沐霖,109年立法委員選舉,首次申報,1090118,雜支支出,台灣銀行,03557311,0.00,10.00,匯款手續費,金錢,臺北市中正區****,,
288,蔡沐霖,109年立法委員選舉,首次申報,1090118,雜支支出,台灣銀行,03557311,0.00,10.00,匯款手續費,金錢,臺北市中正區****,,
289,蔡沐霖,109年立法委員選舉,首次申報,1090118,雜支支出,台灣銀行,03557311,0.00,10.00,匯款手續費,金錢,臺北市中正區****,,
290,蔡沐霖,109年立法委員選舉,首次申報,1090118,雜支支出,台灣銀行,03557311,0.00,10.00,匯款手續費,金錢,臺北市中正區****,,
448,賴品妤,109年立法委員選舉,首次申報,1090205,雜支支出,台灣銀行,03557311,0.00,100.00,申請帳戶歷史資料服務費,金錢,臺北市中正區****,,
7,賴嘉倫,109年立法委員選舉,首次申報,1080829,雜支支出,臺灣銀行,03557311,0.00,30.00,匯費,金錢,臺北市中正區****,,
78,賴嘉倫,109年立法委員選舉,首次申報,1081002,雜支支出,臺灣銀行汐止分行,03557311,0.00,30.00,匯費,金錢,新北市汐止區****,,
79,賴嘉倫,109年立法委員選舉,首次申報,1081002,雜支支出,臺灣銀行汐止分行,03557311,0.00,30.00,匯費,金錢,新北市汐止區****,,
111,賴嘉倫,109年立法委員選舉,首次申報,1081009,雜支支出,臺灣銀行汐止分行,03557311,0.00,30.00,匯費,金錢,新北市汐止區****,,
159,賴嘉倫,109年立法委員選舉,首次申報,1081018,雜支支出,臺灣銀行館前分行,03557311,0.00,30.00,匯費,金錢,,,
218,賴嘉倫,109年立法委員選舉,首次申報,1081107,雜支支出,臺灣銀行汐止分行,03557311,0.00,30.00,匯費,金錢,新北市汐止區****,,
318,賴嘉倫,109年立法委員選舉,首次申報,1081126,雜支支出,臺灣銀行館前分行,03557311,0.00,30.00,匯費,金錢,,,
393,賴嘉倫,109年立法委員選舉,首次申報,1081209,雜支支出,臺灣銀行館前分行,03557311,0.00,30.00,匯費,金錢,臺北市中正區****,,
394,賴嘉倫,109年立法委員選舉,首次申報,1081209,雜支支出,臺灣銀行館前分行,03557311,0.00,30.00,匯費,金錢,臺北市中正區****,,
7,高鈺婷,109年立法委員選舉,首次申報,1080531,雜支支出,土地銀行,03700301,0.00,60.00,手續費,金錢,,,
36,高鈺婷,109年立法委員選舉,首次申報,1080628,雜支支出,土地銀行,03700301,0.00,75.00,手續費,金錢,,,
86,高鈺婷,109年立法委員選舉,首次申報,1080731,雜支支出,土地銀行,03700301,0.00,175.00,手續費,金錢,,,
157,高鈺婷,109年立法委員選舉,首次申報,1080830,雜支支出,土地銀行,03700301,0.00,275.00,手續費,金錢,,,
232,高鈺婷,109年立法委員選舉,首次申報,1080930,雜支支出,土地銀行,03700301,0.00,330.00,手續費,金錢,,,
243,高鈺婷,109年立法委員選舉,首次申報,1081003,雜支支出,土地銀行,03700301,0.00,30.00,手續費,金錢,,,
312,高鈺婷,109年立法委員選舉,首次申報,1081016,雜支支出,土地銀行,03700301,0.00,30.00,手續費,金錢,,,
313,高鈺婷,109年立法委員選舉,首次申報,1081016,雜支支出,土地銀行,03700301,0.00,30.00,手續費,金錢,,,
316,高鈺婷,109年立法委員選舉,首次申報,1081017,雜支支出,土地銀行,03700301,0.00,30.00,手續費,金錢,,,
325,高鈺婷,109年立法委員選舉,首次申報,1081022,雜支支出,土地銀行,03700301,0.00,60.00,手續費,金錢,,,
382,高鈺婷,109年立法委員選舉,首次申報,1081029,雜支支出,土地銀行,03700301,0.00,30.00,手續費,金錢,,,
419,高鈺婷,109年立法委員選舉,首次申報,1081031,雜支支出,土地銀行,03700301,0.00,255.00,手續費,金錢,,,
420,高鈺婷,109年立法委員選舉,首次申報,1081031,雜支支出,土地銀行,03700301,0.00,30.00,手續費,金錢,,,
421,高鈺婷,109年立法委員選舉,首次申報,1081031,雜支支出,土地銀行,03700301,0.00,30.00,手續費,金錢,,,
462,高鈺婷,109年立法委員選舉,首次申報,1081107,雜支支出,土地銀行,03700301,0.00,30.00,手續費,金錢,,,
473,高鈺婷,109年立法委員選舉,首次申報,1081111,雜支支出,土地銀行,03700301,0.00,30.00,手續費,金錢,,,
482,高鈺婷,109年立法委員選舉,首次申報,1081114,雜支支出,土地銀行,03700301,0.00,60.00,手續費,金錢,,,
494,高鈺婷,109年立法委員選舉,首次申報,1081115,雜支支出,土地銀行,03700301,0.00,30.00,手續費,金錢,,,
573,高鈺婷,109年立法委員選舉,首次申報,1081129,雜支支出,土地銀行,03700301,0.00,180.00,手續費,金錢,,,
613,高鈺婷,109年立法委員選舉,首次申報,1081203,雜支支出,土地銀行,03700301,0.00,30.00,手續費,金錢,,,
670,高鈺婷,109年立法委員選舉,首次申報,1081211,雜支支出,土地銀行,03700301,0.00,60.00,手續費,金錢,,,
683,高鈺婷,109年立法委員選舉,首次申報,1081216,雜支支出,土地銀行,03700301,0.00,30.00,手續費,金錢,,,
705,高鈺婷,109年立法委員選舉,首次申報,1081219,雜支支出,土地銀行,03700301,0.00,30.00,手續費,金錢,,,
723,高鈺婷,109年立法委員選舉,首次申報,1081223,雜支支出,土地銀行,03700301,0.00,30.00,手續費,金錢,,,
761,高鈺婷,109年立法委員選舉,首次申報,1081231,雜支支出,土地銀行,03700301,0.00,240.00,手續費,金錢,,,
762,高鈺婷,109年立法委員選舉,首次申報,1081231,雜支支出,土地銀行,03700301,0.00,30.00,手續費,金錢,,,
777,高鈺婷,109年立法委員選舉,首次申報,1090103,雜支支出,土地銀行,03700301,0.00,30.00,手續費,金錢,,,
807,高鈺婷,109年立法委員選舉,首次申報,1090108,雜支支出,土地銀行,03700301,0.00,30.00,手續費,金錢,,,
868,高鈺婷,109年立法委員選舉,首次申報,1090114,雜支支出,土地銀行,03700301,0.00,60.00,手續費,金錢,,,
931,高鈺婷,109年立法委員選舉,首次申報,1090122,雜支支出,土地銀行,03700301,0.00,100.00,手續費,金錢,,,
62,林佳瑋,109年立法委員選舉,首次申報,1081002,雜支支出,臺灣土地銀行股份有限公司,03700301,0.00,15.00,跨行存款手續費,金錢,黎明里鄰館前****,,
4,林奕華,109年立法委員選舉,首次申報,1080702,雜支支出,儀璿食品有限公司,03557311,0.00,2400.00,餐飲費用,金錢,臺北市大安區****,,
56,林奕華,109年立法委員選舉,首次申報,1080917,雜支支出,臺灣銀行股份有限公司,03557311,0.00,30.00,匯款手續費,金錢,臺北市中正區****,,
59,林奕華,109年立法委員選舉,首次申報,1080918,雜支支出,臺灣銀行股份有限公司,03557311,0.00,30.00,匯款手續費,金錢,臺北市中正區****,,
60,林奕華,109年立法委員選舉,首次申報,1080918,雜支支出,臺灣銀行股份有限公司,03557311,0.00,30.00,匯款手續費,金錢,臺北市中正區****,,
80,林奕華,109年立法委員選舉,首次申報,1080927,雜支支出,臺灣銀行股份有限公司,03557311,0.00,30.00,匯款手續費,金錢,臺北市中正區****,,
81,林奕華,109年立法委員選舉,首次申報,1080927,雜支支出,臺灣銀行股份有限公司,03557311,0.00,30.00,匯款手續費,金錢,臺北市中正區****,,
103,林奕華,109年立法委員選舉,首次申報,1081017,雜支支出,臺灣銀行股份有限公司,03557311,0.00,30.00,匯款手續費,金錢,臺北市中正區****,,
104,林奕華,109年立法委員選舉,首次申報,1081017,雜支支出,臺灣銀行股份有限公司,03557311,0.00,30.00,匯款手續費,金錢,臺北市中正區****,,
105,林奕華,109年立法委員選舉,首次申報,1081017,雜支支出,臺灣銀行股份有限公司,03557311,0.00,30.00,匯款手續費,金錢,臺北市中正區****,,
117,林奕華,109年立法委員選舉,首次申報,1081024,雜支支出,臺灣銀行股份有限公司,03557311,0.00,30.00,匯款手續費,金錢,臺北市中正區****,,
118,林奕華,109年立法委員選舉,首次申報,1081024,雜支支出,臺灣銀行股份有限公司,03557311,0.00,30.00,匯款手續費,金錢,臺北市中正區****,,
157,林奕華,109年立法委員選舉,首次申報,1081108,雜支支出,臺灣銀行股份有限公司,03557311,0.00,30.00,匯款手續費,金錢,臺北市中正區****,,
158,林奕華,109年立法委員選舉,首次申報,1081108,雜支支出,臺灣銀行股份有限公司,03557311,0.00,30.00,匯款手續費,金錢,臺北市中正區****,,
271,林奕華,109年立法委員選舉,首次申報,1081125,雜支支出,臺灣銀行股份有限公司,03557311,0.00,30.00,匯款手續費,金錢,臺北市中正區****,,
279,林奕華,109年立法委員選舉,首次申報,1081126,雜支支出,臺灣銀行股份有限公司,03557311,0.00,30.00,匯款手續費,金錢,臺北市中正區****,,
280,林奕華,109年立法委員選舉,首次申報,1081126,人事費用支出,臺灣銀行股份有限公司,03557311,0.00,16582.00,代收款-健保費,金錢,臺北市中正區****,,
281,林奕華,109年立法委員選舉,首次申報,1081126,雜支支出,臺灣銀行股份有限公司,03557311,0.00,30.00,匯款手續費,金錢,臺北市中正區****,,
282,林奕華,109年立法委員選舉,首次申報,1081126,雜支支出,臺灣銀行股份有限公司,03557311,0.00,30.00,匯款手續費,金錢,臺北市中正區****,,
293,林奕華,109年立法委員選舉,首次申報,1081128,雜支支出,臺灣銀行股份有限公司,03557311,0.00,30.00,匯款手續費,金錢,臺北市中正區****,,
294,林奕華,109年立法委員選舉,首次申報,1081128,雜支支出,臺灣銀行股份有限公司,03557311,0.00,30.00,匯款手續費,金錢,臺北市中正區****,,
350,林奕華,109年立法委員選舉,首次申報,1081203,雜支支出,臺灣銀行股份有限公司,03557311,0.00,30.00,匯款手續費,金錢,臺北市中正區****,,
351,林奕華,109年立法委員選舉,首次申報,1081203,雜支支出,臺灣銀行股份有限公司,03557311,0.00,30.00,匯款手續費,金錢,臺北市中正區****,,
352,林奕華,109年立法委員選舉,首次申報,1081203,雜支支出,臺灣銀行股份有限公司,03557311,0.00,30.00,匯款手續費,金錢,臺北市中正區****,,
353,林奕華,109年立法委員選舉,首次申報,1081203,雜支支出,臺灣銀行股份有限公司,03557311,0.00,30.00,匯款手續費,金錢,臺北市中正區****,,
354,林奕華,109年立法委員選舉,首次申報,1081203,雜支支出,臺灣銀行股份有限公司,03557311,0.00,30.00,匯款手續費,金錢,臺北市中正區****,,
386,林奕華,109年立法委員選舉,首次申報,1081205,雜支支出,臺灣銀行股份有限公司,03557311,0.00,30.00,匯款手續費,金錢,臺北市中正區****,,
387,林奕華,109年立法委員選舉,首次申報,1081205,雜支支出,臺灣銀行股份有限公司,03557311,0.00,30.00,匯款手續費,金錢,臺北市中正區****,,
388,林奕華,109年立法委員選舉,首次申報,1081205,雜支支出,臺灣銀行股份有限公司,03557311,0.00,30.00,匯款手續費,金錢,臺北市中正區****,,
389,林奕華,109年立法委員選舉,首次申報,1081205,雜支支出,臺灣銀行股份有限公司,03557311,0.00,30.00,匯款手續費,金錢,臺北市中正區****,,
409,林奕華,109年立法委員選舉,首次申報,1081206,雜支支出,臺灣銀行股份有限公司,03557311,0.00,30.00,匯款手續費,金錢,臺北市中正區****,,
461,林奕華,109年立法委員選舉,首次申報,1081209,雜支支出,臺灣銀行股份有限公司,03557311,0.00,30.00,匯款手續費,金錢,臺北市中正區****,,
462,林奕華,109年立法委員選舉,首次申報,1081209,雜支支出,臺灣銀行股份有限公司,03557311,0.00,30.00,匯款手續費,金錢,臺北市中正區****,,
463,林奕華,109年立法委員選舉,首次申報,1081209,雜支支出,臺灣銀行股份有限公司,03557311,0.00,30.00,匯款手續費,金錢,臺北市中正區****,,
541,林奕華,109年立法委員選舉,首次申報,1081213,人事費用支出,勞動部勞工保險局,03557311,0.00,4020.00,勞保費,金錢,臺北市中正區****,,
542,林奕華,109年立法委員選舉,首次申報,1081213,雜支支出,臺灣銀行股份有限公司,03557311,0.00,30.00,匯款手續費,金錢,臺北市中正區****,,
543,林奕華,109年立法委員選舉,首次申報,1081213,雜支支出,臺灣銀行股份有限公司,03557311,0.00,30.00,匯款手續費,金錢,臺北市中正區****,,
544,林奕華,109年立法委員選舉,首次申報,1081213,雜支支出,臺灣銀行股份有限公司,03557311,0.00,30.00,匯款手續費,金錢,臺北市中正區****,,
545,林奕華,109年立法委員選舉,首次申報,1081213,雜支支出,臺灣銀行股份有限公司,03557311,0.00,30.00,匯款手續費,金錢,臺北市中正區****,,
546,林奕華,109年立法委員選舉,首次申報,1081213,雜支支出,臺灣銀行股份有限公司,03557311,0.00,30.00,匯款手續費,金錢,臺北市中正區****,,
547,林奕華,109年立法委員選舉,首次申報,1081213,雜支支出,臺灣銀行股份有限公司,03557311,0.00,30.00,匯款手續費,金錢,臺北市中正區****,,
619,林奕華,109年立法委員選舉,首次申報,1081217,雜支支出,臺灣銀行股份有限公司,03557311,0.00,30.00,匯款手續費,金錢,臺北市中正區****,,
620,林奕華,109年立法委員選舉,首次申報,1081217,雜支支出,臺灣銀行股份有限公司,03557311,0.00,30.00,匯款手續費,金錢,臺北市中正區****,,
654,林奕華,109年立法委員選舉,首次申報,1081219,雜支支出,臺灣銀行股份有限公司,03557311,0.00,30.00,匯款手續費,金錢,臺北市中正區****,,
655,林奕華,109年立法委員選舉,首次申報,1081219,雜支支出,臺灣銀行股份有限公司,03557311,0.00,30.00,匯款手續費,金錢,臺北市中正區****,,
671,林奕華,109年立法委員選舉,首次申報,1081220,雜支支出,臺灣銀行股份有限公司,03557311,0.00,30.00,匯款手續費,金錢,臺北市中正區****,,
672,林奕華,109年立法委員選舉,首次申報,1081220,雜支支出,臺灣銀行股份有限公司,03557311,0.00,30.00,匯款手續費,金錢,臺北市中正區****,,
721,林奕華,109年立法委員選舉,首次申報,1081223,雜支支出,臺灣銀行股份有限公司,03557311,0.00,30.00,匯款手續費,金錢,臺北市中正區****,,
739,林奕華,109年立法委員選舉,首次申報,1081224,雜支支出,臺灣銀行股份有限公司,03557311,0.00,30.00,匯款手續費,金錢,臺北市中正區****,,
740,林奕華,109年立法委員選舉,首次申報,1081224,雜支支出,臺灣銀行股份有限公司,03557311,0.00,30.00,匯款手續費,金錢,臺北市中正區****,,
741,林奕華,109年立法委員選舉,首次申報,1081224,雜支支出,臺灣銀行股份有限公司,03557311,0.00,30.00,匯款手續費,金錢,臺北市中正區****,,
742,林奕華,109年立法委員選舉,首次申報,1081224,雜支支出,臺灣銀行股份有限公司,03557311,0.00,30.00,匯款手續費,金錢,臺北市中正區****,,
743,林奕華,109年立法委員選舉,首次申報,1081224,雜支支出,臺灣銀行股份有限公司,03557311,0.00,30.00,匯款手續費,金錢,臺北市中正區****,,
777,林奕華,109年立法委員選舉,首次申報,1081226,雜支支出,臺灣銀行股份有限公司,03557311,0.00,30.00,匯款手續費,金錢,臺北市中正區****,,
778,林奕華,109年立法委員選舉,首次申報,1081226,雜支支出,臺灣銀行股份有限公司,03557311,0.00,30.00,匯款手續費,金錢,臺北市中正區****,,
779,林奕華,109年立法委員選舉,首次申報,1081226,雜支支出,臺灣銀行股份有限公司,03557311,0.00,30.00,匯款手續費,金錢,臺北市中正區****,,
838,林奕華,109年立法委員選舉,首次申報,1081230,雜支支出,臺灣銀行股份有限公司,03557311,0.00,30.00,匯款手續費,金錢,臺北市中正區****,,
857,林奕華,109年立法委員選舉,首次申報,1081231,雜支支出,臺灣銀行股份有限公司,03557311,0.00,30.00,匯款手續費,金錢,臺北市中正區****,,
905,林奕華,109年立法委員選舉,首次申報,1090102,雜支支出,臺灣銀行股份有限公司,03557311,0.00,30.00,匯款手續費,金錢,臺北市中正區****,,
906,林奕華,109年立法委員選舉,首次申報,1090102,雜支支出,臺灣銀行股份有限公司,03557311,0.00,30.00,匯款手續費,金錢,臺北市中正區****,,
907,林奕華,109年立法委員選舉,首次申報,1090102,雜支支出,臺灣銀行股份有限公司,03557311,0.00,30.00,匯款手續費,金錢,臺北市中正區****,,
908,林奕華,109年立法委員選舉,首次申報,1090102,雜支支出,臺灣銀行股份有限公司,03557311,0.00,30.00,匯款手續費,金錢,臺北市中正區****,,
937,林奕華,109年立法委員選舉,首次申報,1090103,雜支支出,臺灣銀行股份有限公司,03557311,0.00,30.00,匯款手續費,金錢,臺北市中正區****,,
938,林奕華,109年立法委員選舉,首次申報,1090103,雜支支出,臺灣銀行股份有限公司,03557311,0.00,30.00,匯款手續費,金錢,臺北市中正區****,,
939,林奕華,109年立法委員選舉,首次申報,1090103,雜支支出,臺灣銀行股份有限公司,03557311,0.00,30.00,匯款手續費,金錢,臺北市中正區****,,
940,林奕華,109年立法委員選舉,首次申報,1090103,雜支支出,臺灣銀行股份有限公司,03557311,0.00,30.00,匯款手續費,金錢,臺北市中正區****,,
995,林奕華,109年立法委員選舉,首次申報,1090106,雜支支出,臺灣銀行股份有限公司,03557311,0.00,30.00,匯款手續費,金錢,臺北市中正區****,,
1022,林奕華,109年立法委員選舉,首次申報,1090107,雜支支出,臺灣銀行股份有限公司,03557311,0.00,30.00,匯款手續費,金錢,臺北市中正區****,,
1023,林奕華,109年立法委員選舉,首次申報,1090107,雜支支出,臺灣銀行股份有限公司,03557311,0.00,30.00,匯款手續費,金錢,臺北市中正區****,,
1048,林奕華,109年立法委員選舉,首次申報,1090108,雜支支出,臺灣銀行股份有限公司,03557311,0.00,30.00,匯款手續費,金錢,臺北市中正區****,,
1049,林奕華,109年立法委員選舉,首次申報,1090108,雜支支出,臺灣銀行股份有限公司,03557311,0.00,30.00,匯款手續費,金錢,臺北市中正區****,,
1050,林奕華,109年立法委員選舉,首次申報,1090108,雜支支出,臺灣銀行股份有限公司,03557311,0.00,30.00,匯款手續費,金錢,臺北市中正區****,,
1075,林奕華,109年立法委員選舉,首次申報,1090109,雜支支出,臺灣銀行股份有限公司,03557311,0.00,30.00,匯款手續費,金錢,臺北市中正區****,,
1076,林奕華,109年立法委員選舉,首次申報,1090109,雜支支出,臺灣銀行股份有限公司,03557311,0.00,30.00,匯款手續費,金錢,臺北市中正區****,,
1077,林奕華,109年立法委員選舉,首次申報,1090109,雜支支出,臺灣銀行股份有限公司,03557311,0.00,30.00,匯款手續費,金錢,臺北市中正區****,,
1078,林奕華,109年立法委員選舉,首次申報,1090109,雜支支出,臺灣銀行股份有限公司,03557311,0.00,30.00,匯款手續費,金錢,臺北市中正區****,,
1079,林奕華,109年立法委員選舉,首次申報,1090109,雜支支出,臺灣銀行股份有限公司,03557311,0.00,30.00,匯款手續費,金錢,臺北市中正區****,,
1080,林奕華,109年立法委員選舉,首次申報,1090109,雜支支出,臺灣銀行股份有限公司,03557311,0.00,30.00,匯款手續費,金錢,臺北市中正區****,,
1198,林奕華,109年立法委員選舉,首次申報,1090115,雜支支出,臺灣銀行股份有限公司,03557311,0.00,30.00,匯款手續費,金錢,臺北市中正區****,,
1199,林奕華,109年立法委員選舉,首次申報,1090115,雜支支出,臺灣銀行股份有限公司,03557311,0.00,30.00,匯款手續費,金錢,臺北市中正區****,,
1214,林奕華,109年立法委員選舉,首次申報,1090117,雜支支出,臺灣銀行股份有限公司,03557311,0.00,30.00,匯款手續費,金錢,臺北市中正區****,,
1215,林奕華,109年立法委員選舉,首次申報,1090117,雜支支出,臺灣銀行股份有限公司,03557311,0.00,30.00,匯款手續費,金錢,臺北市中正區****,,
1221,林奕華,109年立法委員選舉,首次申報,1090120,雜支支出,臺灣銀行股份有限公司,03557311,0.00,30.00,匯款手續費,金錢,臺北市中正區****,,
1222,林奕華,109年立法委員選舉,首次申報,1090120,雜支支出,臺灣銀行股份有限公司,03557311,0.00,30.00,匯款手續費,金錢,臺北市中正區****,,
1223,林奕華,109年立法委員選舉,首次申報,1090120,雜支支出,臺灣銀行股份有限公司,03557311,0.00,30.00,匯款手續費,金錢,臺北市中正區****,,
1224,林奕華,109年立法委員選舉,首次申報,1090120,雜支支出,臺灣銀行股份有限公司,03557311,0.00,30.00,匯款手續費,金錢,臺北市中正區****,,
1225,林奕華,109年立法委員選舉,首次申報,1090120,雜支支出,臺灣銀行股份有限公司,03557311,0.00,30.00,匯款手續費,金錢,臺北市中正區****,,
1231,林奕華,109年立法委員選舉,首次申報,1090121,雜支支出,臺灣銀行股份有限公司,03557311,0.00,30.00,匯款手續費,金錢,臺北市中正區****,,
1232,林奕華,109年立法委員選舉,首次申報,1090121,雜支支出,臺灣銀行股份有限公司,03557311,0.00,30.00,匯款手續費,金錢,臺北市中正區****,,
1233,林奕華,109年立法委員選舉,首次申報,1090121,雜支支出,臺灣銀行股份有限公司,03557311,0.00,30.00,匯款手續費,金錢,臺北市中正區****,,
1234,林奕華,109年立法委員選舉,首次申報,1090121,雜支支出,臺灣銀行股份有限公司,03557311,0.00,30.00,匯款手續費,金錢,臺北市中正區****,,
1235,林奕華,109年立法委員選舉,首次申報,1090121,雜支支出,臺灣銀行股份有限公司,03557311,0.00,30.00,匯款手續費,金錢,臺北市中正區****,,
1236,林奕華,109年立法委員選舉,首次申報,1090121,雜支支出,臺灣銀行股份有限公司,03557311,0.00,30.00,匯款手續費,金錢,臺北市中正區****,,
1238,林奕華,109年立法委員選舉,首次申報,1090122,雜支支出,臺灣銀行股份有限公司,03557311,0.00,30.00,匯款手續費,金錢,臺北市中正區****,,
1239,林奕華,109年立法委員選舉,首次申報,1090122,雜支支出,臺灣銀行股份有限公司,03557311,0.00,30.00,匯款手續費,金錢,臺北市中正區****,,
1248,林奕華,109年立法委員選舉,首次申報,1090131,雜支支出,臺灣銀行股份有限公司,03557311,0.00,30.00,匯款手續費,金錢,臺北市中正區****,,
1261,林奕華,109年立法委員選舉,首次申報,1090203,雜支支出,臺灣銀行股份有限公司,03557311,0.00,30.00,匯款手續費,金錢,臺北市中正區****,,
1262,林奕華,109年立法委員選舉,首次申報,1090203,雜支支出,臺灣銀行股份有限公司,03557311,0.00,30.00,匯款手續費,金錢,臺北市中正區****,,
1276,林奕華,109年立法委員選舉,首次申報,1090210,雜支支出,臺灣銀行股份有限公司,03557311,0.00,30.00,匯款手續費,金錢,臺北市中正區****,,
1277,林奕華,109年立法委員選舉,首次申報,1090210,雜支支出,臺灣銀行股份有限公司,03557311,0.00,30.00,匯款手續費,金錢,臺北市中正區****,,
245,謝佩芬,109年立法委員選舉,首次申報,1081007,雜支支出,臺灣銀行城中分行,03557311,0.00,60.00,手續費,金錢,臺北市中正區****,,
306,謝佩芬,109年立法委員選舉,首次申報,1081015,雜支支出,臺灣銀行城中分行,03557311,0.00,90.00,手續費,金錢,臺北市中正區****,,
315,謝佩芬,109年立法委員選舉,首次申報,1081016,雜支支出,臺灣銀行城中分行,03557311,0.00,30.00,手續費,金錢,臺北市中正區****,,
468,謝佩芬,109年立法委員選舉,首次申報,1081031,雜支支出,臺灣銀行城中分行,03557311,0.00,120.00,手續費,金錢,臺北市中正區****,,
563,謝佩芬,109年立法委員選舉,首次申報,1081106,雜支支出,臺灣銀行城中分行,03557311,0.00,60.00,手續費,金錢,臺北市中正區****,,
594,謝佩芬,109年立法委員選舉,首次申報,1081108,雜支支出,臺灣銀行城中分行,03557311,0.00,90.00,手續費,金錢,臺北市中正區****,,
647,謝佩芬,109年立法委員選舉,首次申報,1081111,雜支支出,臺灣銀行城中分行,03557311,0.00,60.00,手續費,金錢,臺北市中正區****,,
676,謝佩芬,109年立法委員選舉,首次申報,1081112,雜支支出,臺灣銀行城中分行,03557311,0.00,30.00,手續費,金錢,臺北市中正區****,,
789,謝佩芬,109年立法委員選舉,首次申報,1081119,雜支支出,臺灣銀行城中分行,03557311,0.00,90.00,手續費,金錢,臺北市中正區****,,
960,謝佩芬,109年立法委員選舉,首次申報,1081129,雜支支出,臺灣銀行城中分行,03557311,0.00,150.00,手續費,金錢,臺北市中正區****,,
1042,謝佩芬,109年立法委員選舉,首次申報,1081204,雜支支出,臺灣銀行城中分行,03557311,0.00,30.00,手續費,金錢,臺北市中正區****,,
1227,謝佩芬,109年立法委員選舉,首次申報,1081213,雜支支出,臺灣銀行城中分行,03557311,0.00,30.00,手續費,金錢,臺北市中正區****,,
1462,謝佩芬,109年立法委員選舉,首次申報,1081223,雜支支出,臺灣銀行城中分行,03557311,0.00,150.00,手續費,金錢,臺北市中正區****,,
1521,謝佩芬,109年立法委員選舉,首次申報,1081225,雜支支出,臺灣銀行城中分行,03557311,0.00,60.00,手續費,金錢,臺北市中正區****,,
1717,謝佩芬,109年立法委員選舉,首次申報,1081231,雜支支出,臺灣銀行城中分行,03557311,0.00,240.00,手續費,金錢,臺北市中正區****,,
1791,謝佩芬,109年立法委員選舉,首次申報,1090102,雜支支出,臺灣銀行城中分行,03557311,0.00,30.00,手續費,金錢,臺北市中正區****,,
1909,謝佩芬,109年立法委員選舉,首次申報,1090106,雜支支出,臺灣銀行城中分行,03557311,0.00,120.00,手續費,金錢,臺北市中正區****,,
1957,謝佩芬,109年立法委員選舉,首次申報,1090107,雜支支出,臺灣銀行城中分行,03557311,0.00,30.00,手續費,金錢,臺北市中正區****,,
2076,謝佩芬,109年立法委員選舉,首次申報,1090110,雜支支出,臺灣銀行城中分行,03557311,0.00,60.00,手續費,金錢,臺北市中正區****,,
2180,謝佩芬,109年立法委員選舉,首次申報,1090115,雜支支出,臺灣銀行城中分行,03557311,0.00,30.00,手續費,金錢,臺北市中正區****,,
2198,謝佩芬,109年立法委員選舉,首次申報,1090117,雜支支出,臺灣銀行城中分行,03557311,0.00,270.00,手續費,金錢,臺北市中正區****,,
2264,謝佩芬,109年立法委員選舉,首次申報,1090122,雜支支出,臺灣銀行城中分行,03557311,0.00,180.00,手續費,金錢,臺北市中正區****,,
2303,謝佩芬,109年立法委員選舉,首次申報,1090131,雜支支出,臺灣銀行城中分行,03557311,0.00,90.00,手續費,金錢,臺北市中正區****,,
815,高金素梅,109年立法委員選舉,首次申報,1081225,雜支支出,臺灣銀行股份有限公司,03557311,0.00,30.00,匯款正安企業社-許明妹(背心、帽子、布條)手續費,金錢,,,
878,高金素梅,109年立法委員選舉,首次申報,1081230,雜支支出,臺灣銀行,03557311,0.00,30.00,匯連錦福(個人捐贈超過十萬元整)之手續費,金錢,,,
86,黃啓嘉,109年立法委員選舉,首次申報,1080927,宣傳支出,台灣銀行花蓮分行,03557311,0.00,30.00,郵寄競選物品或宣傳廣告支出,金錢,花蓮縣花蓮市****,,
2,陳玉珍,109年立法委員選舉,首次申報,1081129,宣傳支出,臺灣銀行股份有限公司,03557311,0.00,30.00,製作競選物品支出（物品名稱-匯費）,金錢,臺北市中正區****,02-2*****,
5,陳玉珍,109年立法委員選舉,首次申報,1081203,宣傳支出,臺灣銀行股份有限公司,03557311,0.00,30.00,製作競選物品支出（物品名稱-匯費）,金錢,臺北市中正區****,02-2*****,
21,陳玉珍,109年立法委員選舉,首次申報,1081227,宣傳支出,臺灣銀行股份有限公司,03557311,0.00,30.00,製作競選物品支出（物品名稱-匯費）,金錢,臺北市中正區****,02-2*****,
22,陳玉珍,109年立法委員選舉,首次申報,1081227,宣傳支出,臺灣銀行股份有限公司,03557311,0.00,30.00,製作競選物品支出（物品名稱-匯費）,金錢,臺北市中正區****,02-2*****,
29,陳玉珍,109年立法委員選舉,首次申報,1081231,宣傳支出,臺灣銀行股份有限公司,03557311,0.00,30.00,製作競選物品支出（物品名稱-匯費）,金錢,臺北市中正區****,02-2*****,
30,陳玉珍,109年立法委員選舉,首次申報,1081231,宣傳支出,臺灣銀行股份有限公司,03557311,0.00,30.00,播送、傳送或刊登宣傳廣告支出-匯費,金錢,臺北市中正區****,02-2*****,
42,陳玉珍,109年立法委員選舉,首次申報,1090109,雜支支出,臺灣銀行股份有限公司,03557311,0.00,30.00,餐飲費用-礦泉水匯費,金錢,臺北市中正區****,02-2*****,
43,陳玉珍,109年立法委員選舉,首次申報,1090109,宣傳支出,臺灣銀行股份有限公司,03557311,0.00,30.00,製作競選物品支出（物品名稱-濕紙巾匯費）,金錢,臺北市中正區****,02-2*****,
44,陳玉珍,109年立法委員選舉,首次申報,1090109,宣傳支出,臺灣銀行股份有限公司,03557311,0.00,30.00,製作宣傳廣告支出,金錢,臺北市中正區****,02-2*****,
45,陳玉珍,109年立法委員選舉,首次申報,1090109,宣傳支出,臺灣銀行股份有限公司,03557311,0.00,30.00,製作宣傳廣告支出-匯費,金錢,臺北市中正區****,02-2*****,
52,陳玉珍,109年立法委員選舉,首次申報,1090114,集會支出,臺灣銀行股份有限公司,03557311,0.00,30.00,租用設備支出,金錢,臺北市中正區****,02-2*****,
53,陳玉珍,109年立法委員選舉,首次申報,1090114,集會支出,臺灣銀行股份有限公司,03557311,0.00,30.00,集會保證金-匯費,金錢,臺北市中正區****,02-2*****,
54,陳玉珍,109年立法委員選舉,首次申報,1090114,宣傳支出,臺灣銀行股份有限公司,03557311,0.00,30.00,播送、傳送或刊登宣傳廣告支出-匯費,金錢,臺北市中正區****,02-2*****,
55,陳玉珍,109年立法委員選舉,首次申報,1090114,集會支出,臺灣銀行股份有限公司,03557311,0.00,30.00,租用設備支出-匯費,金錢,臺北市中正區****,02-2*****,
62,陳玉珍,109年立法委員選舉,首次申報,1090116,宣傳支出,臺灣銀行股份有限公司,03557311,0.00,30.00,製作宣傳廣告支出-匯費,金錢,臺北市中正區****,02-2*****,
64,陳玉珍,109年立法委員選舉,首次申報,1090117,宣傳支出,臺灣銀行股份有限公司,03557311,0.00,30.00,製作競選物品支出（物品名稱-衛生紙匯費）,金錢,臺北市中正區****,02-2*****,
67,陳玉珍,109年立法委員選舉,首次申報,1090120,宣傳支出,臺灣銀行股份有限公司,03557311,0.00,30.00,製作競選物品支出（物品名稱-文宣印刷品匯費）,金錢,臺北市中正區****,02-2*****,
188,宋楚瑜,109年總統、副總統選舉,首次申報,1081220,雜支支出,台灣土地銀行(長安分行),03700301,0.00,120.00,電信費用,金錢,臺北市中山區****,,
386,宋楚瑜,109年總統、副總統選舉,首次申報,1090109,雜支支出,台灣土地銀行(長安分行),03700301,0.00,30.00,電信費用,金錢,臺北市中山區****,,
405,宋楚瑜,109年總統、副總統選舉,首次申報,1090113,雜支支出,台灣土地銀行(長安分行),03700301,0.00,30.00,雜項購置或修繕費用,金錢,臺北市中山區****,,
406,宋楚瑜,109年總統、副總統選舉,首次申報,1090113,雜支支出,台灣土地銀行(長安分行),03700301,0.00,30.00,電信費用,金錢,臺北市中山區****,,
486,宋楚瑜,109年總統、副總統選舉,首次申報,1090120,雜支支出,台灣土地銀行(長安分行),03700301,0.00,30.00,電信費用,金錢,臺北市中山區****,,
487,宋楚瑜,109年總統、副總統選舉,首次申報,1090120,雜支支出,台灣土地銀行(長安分行),03700301,0.00,30.00,電信費用,金錢,臺北市中山區****,,
